Priority,Priority_Norm,Priority_Level,Start_ISO,Duration_Sec,Duration_Min,Alert_Description,Component_Type,Component_Name,Test,Src_Type,Src_Name,Regex_Type,Regex_Name,Ner_Type,Ner_Name
Minor,Minor,1,2025-08-02T00:00:00,4200.0,70.0,Maximum query elapsed time is high on Oracle Database ONPREM_KBZPRDDCPDB_PDB:1580:KBZPRDDCPDB,host,Oracle,Maximum query elapsed time is high,regex,regex,host,Oracle,oracle database,Oracle
Minor,Minor,1,2025-08-01T23:59:00,569.0,9.483,High disk space usage on /u01 drive of eG_Backend_DB_DR,host,eG_Backend_DB_DR,High disk space usage on /u01,regex,regex,host,eG_Backend_DB_DR,host,eG_Backend_DB_DR
Critical,Critical,3,2025-08-01T23:59:00,1700.0,28.333,High disk space usage on /export/home/orarom drive of BIREPO_DB_Node_1,host,BIREPO_DB_Node_1,High disk space usage on /export/home/orarom,regex,regex,host,BIREPO_DB_Node_1,host,BIREPO_DB_Node_1
Minor,Minor,1,2025-08-01T23:58:00,231.0,3.85,Percentage of long table scans is high on Oracle Database BI_Reporting_Prod_DB:1665:KBZRPTDCPDB,host,Oracle,Percentage of long table scans is high,regex,regex,host,Oracle,oracle database,long
Minor,Minor,1,2025-08-01T23:58:00,106.0,1.767,Elapsed time of Oracle job is high on Oracle Database BI_Reporting_Prod_DB:1665:KBZRPTDCPDB,host,Oracle,Elapsed time of Oracle job is high,regex,regex,host,Oracle,oracle database,Oracle
Minor,Minor,1,2025-08-01T23:58:00,881.0,14.683,There are many waiting containers in pod obic-interest-extrp-service-9cd9c45b-lp257 of namespace javaic on Kubernetes Cluster flexcube-cbs-uat-tkc,host,Kubernetes,There are many waiting containers in pod obic-interest-extrp-service-9cd9c45b-lp257 of namespace javaic,regex,regex,host,Kubernetes,kubernetes cluster,obic-interest-extrp-service-9cd9c45b-lp257
Minor,Minor,1,2025-08-01T23:57:00,7860.0,131.0,There are many waiting containers in pod aws-guardduty-agent-mhm56 of namespace amazon-guardduty on Kubernetes Cluster NewCoreBankingProdEnv,host,Kubernetes,There are many waiting containers in pod aws-guardduty-agent-mhm56 of namespace amazon-guardduty,regex,regex,host,Kubernetes,kubernetes cluster,aws-guardduty-agent-mhm56
Critical,Critical,3,2025-08-01T23:57:00,2708.0,45.133,Test AWSAppStreamTest is not reporting at configured measure period on eG Agent eG_RUM_Agent,eG agent,eG_RUM_Agent,AWSAppStreamTest,regex,regex,eG agent,eG_RUM_Agent,eg agent,eG
Minor,Minor,1,2025-08-01T23:55:00,2488.0,41.467,Buffer cache hit ratio is low on Oracle Database EYLOAN_Oracle_DB:1880:dcey,host,Oracle,Buffer cache hit ratio is low,regex,regex,host,Oracle,oracle database,Oracle
Critical,Critical,3,2025-08-01T23:54:00,4140.0,69.0,Lagging checkpoint duration is high {EXTRACT/ELOTNE},oracle goldengate extract,ELOTNE,Lagging checkpoint duration is high,regex,regex,oracle goldengate extract,ELOTNE,UNK,EXTRACT/ELOTNE
Critical,Critical,3,2025-08-01T23:54:00,4140.0,69.0,Lagging checkpoint duration is high {EXTRACT/ELOTNG},oracle goldengate extract,ELOTNG,Lagging checkpoint duration is high,regex,regex,oracle goldengate extract,ELOTNG,UNK,EXTRACT/ELOTNG
Critical,Critical,3,2025-08-01T23:54:00,4140.0,69.0,Lagging checkpoint duration is high {EXTRACT/ELOTNC},oracle goldengate extract,ELOTNC,Lagging checkpoint duration is high,regex,regex,oracle goldengate extract,ELOTNC,UNK,EXTRACT/ELOTNC
Critical,Critical,3,2025-08-01T23:54:00,4140.0,69.0,Lagging checkpoint duration is high {EXTRACT/ELOTNB},oracle goldengate extract,ELOTNB,Lagging checkpoint duration is high,regex,regex,oracle goldengate extract,ELOTNB,UNK,EXTRACT/ELOTNB
Critical,Critical,3,2025-08-01T23:54:00,4140.0,69.0,Lagging checkpoint duration is high {EXTRACT/ELOTND},oracle goldengate extract,ELOTND,Lagging checkpoint duration is high,regex,regex,oracle goldengate extract,ELOTND,UNK,EXTRACT/ELOTND
Critical,Critical,3,2025-08-01T23:54:00,4140.0,69.0,Lagging checkpoint duration is high {EXTRACT/ELOTNF},oracle goldengate extract,ELOTNF,Lagging checkpoint duration is high,regex,regex,oracle goldengate extract,ELOTNF,UNK,EXTRACT/ELOTNF
Critical,Critical,3,2025-08-01T23:54:00,4140.0,69.0,Lagging checkpoint duration is high {EXTRACT/ELOTNA},oracle goldengate extract,ELOTNA,Lagging checkpoint duration is high,regex,regex,oracle goldengate extract,ELOTNA,UNK,EXTRACT/ELOTNA
Critical,Critical,3,2025-08-01T23:54:00,4140.0,69.0,Lagging checkpoint duration is high {EXTRACT/ELOTNH},oracle goldengate extract,ELOTNH,Lagging checkpoint duration is high,regex,regex,oracle goldengate extract,ELOTNH,UNK,EXTRACT/ELOTNH
Major,Major,2,2025-08-01T23:53:00,2200.0,36.667,Many user errors have been detected in Microsoft SQL server CBMNET_FIGW_DB_SERVER_DR:1433's error log,sql server,CBMNET_FIGW_DB_SERVER_DR:1433,UNK,ner,ner,UNK,UNK,sql server,CBMNET_FIGW_DB_SERVER_DR:1433
Minor,Minor,1,2025-08-01T23:53:00,225.0,3.75,Percentage of long table scans is high on Oracle Database BI_Reporting_Prod_DB:1665:KBZRPTDCPDB,host,Oracle,Percentage of long table scans is high,regex,regex,host,Oracle,oracle database,long
Critical,Critical,3,2025-08-01T23:52:00,313.0,5.217,TCP connection failed when accessing the web page HomePage. This is affecting External Web ibanking,external web,ibanking,UNK,regex,regex,external web,ibanking,UNK,UNK
Minor,Minor,1,2025-08-01T23:52:00,308.0,5.133,Many queued jobs on SAP HANA Database KBZ-PRD-DB-SYSDB:35015 {Volume_5},sap hana database,KBZ-PRD-DB-SYSDB:35015,Many queued jobs,regex,regex,sap hana database,KBZ-PRD-DB-SYSDB:35015,UNK,SAP
Minor,Minor,1,2025-08-01T23:52:00,305.0,5.083,There have been many container termination failures for pod aws-guardduty-agent-mhm56 of namespace amazon-guardduty on Kubernetes Cluster NewCoreBankingProdEnv,host,Kubernetes,There have been many container termination failures for pod aws-guardduty-agent-mhm56 of namespace amazon-guardduty,regex,regex,host,Kubernetes,kubernetes cluster,namespace
Minor,Minor,1,2025-08-01T23:51:00,592.0,9.867,Average exclusive lock wait time is high on SAP HANA Database KBZ-PRD-DB-SYSDB:35015,sap hana database,KBZ-PRD-DB-SYSDB:35015,Average exclusive lock wait time is high,regex,regex,sap hana database,KBZ-PRD-DB-SYSDB:35015,UNK,SAP
Critical,Critical,3,2025-08-01T23:51:00,943.0,15.717,TimeSinceLastChckPoint {REPLICAT/RLOTNA},oracle goldengate replicat,RLOTNA,TimeSinceLastChckPoint,regex,regex,oracle goldengate replicat,RLOTNA,UNK,REPLICAT/RLOTNA
Minor,Minor,1,2025-08-01T23:51:00,592.0,9.867,Average shared lock wait time is high on SAP HANA Database KBZ-PRD-DB-SYSDB:35015,sap hana database,KBZ-PRD-DB-SYSDB:35015,Average shared lock wait time is high,regex,regex,sap hana database,KBZ-PRD-DB-SYSDB:35015,UNK,SAP
Minor,Minor,1,2025-08-01T23:50:00,614.0,10.233,Memory utilization is high on apisys-prod-zb.kbzbank.com,host,apisys-prod-zb.kbzbank.com,Memory utilization is high,regex,regex,host,apisys-prod-zb.kbzbank.com,host,apisys-prod-zb.kbzbank.com
Major,Major,2,2025-08-01T23:49:00,1754.0,29.233,High disk space usage on /var drive of BIREPO_DB_Node_1,host,BIREPO_DB_Node_1,High disk space usage on /var,regex,regex,host,BIREPO_DB_Node_1,host,BIREPO_DB_Node_1
Minor,Minor,1,2025-08-01T23:49:00,1159.0,19.317,High disk space usage on /var/share/sstore/repo drive of BIREPO_DB_Node_1,host,BIREPO_DB_Node_1,High disk space usage on /var/share/sstore/repo,regex,regex,host,BIREPO_DB_Node_1,host,BIREPO_DB_Node_1
Minor,Minor,1,2025-08-01T23:48:00,46.0,0.767,Elapsed time of Oracle job is high on Oracle Database BI_Reporting_Prod_DB:1665:KBZRPTDCPDB,host,Oracle,Elapsed time of Oracle job is high,regex,regex,host,Oracle,oracle database,Oracle
Minor,Minor,1,2025-08-01T23:48:00,186.0,3.1,Percentage of long table scans is high on Oracle Database BI_Reporting_Prod_DB:1665:KBZRPTDCPDB,host,Oracle,Percentage of long table scans is high,regex,regex,host,Oracle,oracle database,long
Minor,Minor,1,2025-08-01T23:47:00,1757.0,29.283,High CPU utilization when waiting for I/O on AWS_CBS_Reporting_DB,host,AWS_CBS_Reporting_DB,High CPU utilization when waiting for I/O,regex,regex,host,AWS_CBS_Reporting_DB,host,AWS_CBS_Reporting_DB
Minor,Minor,1,2025-08-01T23:47:00,919.0,15.317,There are many waiting containers in pod obic-interest-extrp-service-9cd9c45b-v7mpg of namespace javaic on Kubernetes Cluster flexcube-cbs-uat-tkc,host,Kubernetes,There are many waiting containers in pod obic-interest-extrp-service-9cd9c45b-v7mpg of namespace javaic,regex,regex,host,Kubernetes,kubernetes cluster,obic-interest-extrp-service-9cd9c45b-v7mpg
Minor,Minor,1,2025-08-01T23:45:00,1486.0,24.767,Load failures rate is high {CBSCustomerServiceBalance_1528\w3wp#8},resource,CBSCustomerServiceBalance_1528\w3wp#8,Load failures rate is high,regex,regex,resource,CBSCustomerServiceBalance_1528\w3wp#8,host,CBSCustomerServiceBalance_1528\w3wp#8
Minor,Minor,1,2025-08-01T23:45:00,1491.0,24.85,Load failures rate is high {CBSCustomerServiceBalance_1528\Summary},resource,CBSCustomerServiceBalance_1528\Summary,Load failures rate is high,regex,regex,resource,CBSCustomerServiceBalance_1528\Summary,host,CBSCustomerServiceBalance_1528\Summary
Minor,Minor,1,2025-08-01T23:45:00,1486.0,24.767,Load failures rate is high {CBSAccountingService_1568\Summary},resource,CBSAccountingService_1568\Summary,Load failures rate is high,regex,regex,resource,CBSAccountingService_1568\Summary,host,CBSAccountingService_1568\Summary
Minor,Minor,1,2025-08-01T23:45:00,1487.0,24.783,Load failures rate is high {CBSAccountingService_1568\w3wp#13},resource,CBSAccountingService_1568\w3wp#13,Load failures rate is high,regex,regex,resource,CBSAccountingService_1568\w3wp#13,host,CBSAccountingService_1568\w3wp#13
Minor,Minor,1,2025-08-01T23:44:00,2138.0,35.633,Read rate from datafile o1_mf_apidat_d_l8pozmn9_.dbf is high on Oracle Database on Cloud APIRDB:1580,host,Oracle,Read rate from datafile o1_mf_apidat_d_l8pozmn9_.dbf is high,regex,regex,host,Oracle,oracle database,datafile
Minor,Minor,1,2025-08-01T23:43:00,305.0,5.083,Many instances have been removed recently from AWS Cloud p2p-sap-hana-prd,aws cloud,p2p-sap-hana-prd,Many instances have been removed recently,regex,regex,aws cloud,p2p-sap-hana-prd,aws cloud,AWS
Minor,Minor,1,2025-08-01T23:43:00,165.0,2.75,Percentage of long table scans is high on Oracle Database BI_Reporting_Prod_DB:1665:KBZRPTDCPDB,host,Oracle,Percentage of long table scans is high,regex,regex,host,Oracle,oracle database,long
Major,Major,2,2025-08-01T23:43:00,285.0,4.75,High CPU utilization when waiting for I/O on AWS_CBS_Reporting_DB,host,AWS_CBS_Reporting_DB,High CPU utilization when waiting for I/O,regex,regex,host,AWS_CBS_Reporting_DB,host,AWS_CBS_Reporting_DB
Minor,Minor,1,2025-08-01T23:42:00,611.0,10.183,Memory utilization is high for pod fluent-bit-pgv6z of namespace amazon-cloudwatch on Kubernetes Cluster NewCoreBankingProdEnv,host,Kubernetes,Memory utilization is high for pod fluent-bit-pgv6z of namespace amazon-cloudwatch,regex,regex,host,Kubernetes,kubernetes cluster,namespace
Critical,Critical,3,2025-08-01T23:42:00,245.0,4.083,TCP connection failed when accessing the web page QMS-Portal. This is affecting External Web QMS,external web,QMS,UNK,regex,regex,external web,QMS,UNK,UNK
Critical,Critical,3,2025-08-01T23:42:00,248.0,4.133,The web page QMS-Portal is not available for external access. This is affecting External Web QMS,external web,QMS,UNK,regex,regex,external web,QMS,UNK,UNK
Minor,Minor,1,2025-08-01T23:41:00,296.0,4.933,Average shared lock wait time is high on SAP HANA Database KBZ-PRD-DB-SYSDB:35015,sap hana database,KBZ-PRD-DB-SYSDB:35015,Average shared lock wait time is high,regex,regex,sap hana database,KBZ-PRD-DB-SYSDB:35015,UNK,SAP
Minor,Minor,1,2025-08-01T23:41:00,296.0,4.933,Average exclusive lock wait time is high on SAP HANA Database KBZ-PRD-DB-SYSDB:35015,sap hana database,KBZ-PRD-DB-SYSDB:35015,Average exclusive lock wait time is high,regex,regex,sap hana database,KBZ-PRD-DB-SYSDB:35015,UNK,SAP
Minor,Minor,1,2025-08-01T23:41:00,1007.0,16.783,Many maintenance {system-update},resource,system-update,Many maintenance,regex,regex,resource,system-update,host,system-update
Minor,Minor,1,2025-08-01T23:41:00,1011.0,16.85,Many maintenance {Summary},resource,Summary,Many maintenance,regex,regex,resource,Summary,UNK,Summary
Minor,Minor,1,2025-08-01T23:40:00,2117.0,35.283,Write rate to datafile o1_mf_apidat_d_mh25ok03_.dbf is high on Oracle Database on Cloud APIRDB:1580,host,Oracle,Write rate to datafile o1_mf_apidat_d_mh25ok03_.dbf is high,regex,regex,host,Oracle,oracle database,Oracle
Major,Major,2,2025-08-01T23:39:00,1057.0,17.617,Actual CPU credit balance is high {ap-southeast-1:-:i-04b74635ad73c1a93},resource,ap-southeast-1:-:i-04b74635ad73c1a93,Actual CPU credit balance is high,regex,regex,resource,ap-southeast-1:-:i-04b74635ad73c1a93,host,ap-southeast-1:-:i-04b74635ad73c1a93
Minor,Minor,1,2025-08-01T23:39:00,602.0,10.033,Many backup {Summary},resource,Summary,Many backup,regex,regex,resource,Summary,UNK,Summary
Minor,Minor,1,2025-08-01T23:39:00,604.0,10.067,Many backup {db-instance},resource,db-instance,Many backup,regex,regex,resource,db-instance,host,db-instance
Minor,Minor,1,2025-08-01T23:39:00,60.0,1.0,Elapsed time of Oracle job is high on Oracle Database BI_Reporting_Prod_DB:1665:KBZRPTDCPDB,host,Oracle,Elapsed time of Oracle job is high,regex,regex,host,Oracle,oracle database,Oracle
Minor,Minor,1,2025-08-01T23:38:00,963.0,16.05,Many instances have been removed recently from AWS Cloud Apigee,aws cloud,Apigee,Many instances have been removed recently,regex,regex,aws cloud,Apigee,aws cloud,AWS
Minor,Minor,1,2025-08-01T23:38:00,534.0,8.9,Many blocked connections for user SYS on Oracle Cluster dc-smv-bo1-db:1580,host,Oracle,Many blocked connections for user SYS,regex,regex,host,Oracle,UNK,Oracle
Minor,Minor,1,2025-08-01T23:38:00,180.0,3.0,Percentage of long table scans is high on Oracle Database BI_Reporting_Prod_DB:1665:KBZRPTDCPDB,host,Oracle,Percentage of long table scans is high,regex,regex,host,Oracle,oracle database,long
Minor,Minor,1,2025-08-01T23:38:00,4440.0,74.0,There are many waiting containers in pod aws-guardduty-agent-nwk7w of namespace amazon-guardduty on Kubernetes Cluster NewCoreBankingProdEnv,host,Kubernetes,There are many waiting containers in pod aws-guardduty-agent-nwk7w of namespace amazon-guardduty,regex,regex,host,Kubernetes,kubernetes cluster,aws-guardduty-agent-nwk7w
Minor,Minor,1,2025-08-01T23:38:00,306.0,5.1,High CPU utilization when waiting for I/O on AWS_CBS_Reporting_DB,host,AWS_CBS_Reporting_DB,High CPU utilization when waiting for I/O,regex,regex,host,AWS_CBS_Reporting_DB,host,AWS_CBS_Reporting_DB
Minor,Minor,1,2025-08-01T23:37:00,1112.0,18.533,Many maintenance {system-update},resource,system-update,Many maintenance,regex,regex,resource,system-update,host,system-update
Minor,Minor,1,2025-08-01T23:37:00,261.0,4.35,There are many waiting containers in pod obic-interest-extrp-service-9cd9c45b-v7mpg of namespace javaic on Kubernetes Cluster flexcube-cbs-uat-tkc,host,Kubernetes,There are many waiting containers in pod obic-interest-extrp-service-9cd9c45b-v7mpg of namespace javaic,regex,regex,host,Kubernetes,kubernetes cluster,obic-interest-extrp-service-9cd9c45b-v7mpg
Minor,Minor,1,2025-08-01T23:37:00,1115.0,18.583,Many maintenance {Summary},resource,Summary,Many maintenance,regex,regex,resource,Summary,UNK,Summary
Minor,Minor,1,2025-08-01T23:37:00,264.0,4.4,Many instances have been removed recently from AWS Cloud KBZT,aws cloud,KBZT,Many instances have been removed recently,regex,regex,aws cloud,KBZT,aws cloud,AWS
Minor,Minor,1,2025-08-01T23:36:00,20.0,0.333,Query is taking high CPU time on Oracle Database BI_Reporting_Prod_DB:1665:KBZRPTDCPDB,host,Oracle,Query is taking high CPU time,regex,regex,host,Oracle,oracle database,Oracle
Minor,Minor,1,2025-08-01T23:36:00,1815.0,30.25,Load failures rate is high {CBSAccountingService_1568\w3wp#19},resource,CBSAccountingService_1568\w3wp#19,Load failures rate is high,regex,regex,resource,CBSAccountingService_1568\w3wp#19,host,CBSAccountingService_1568\w3wp#19
Critical,Critical,3,2025-08-01T23:36:00,922.0,15.367,Lagging checkpoint duration is high {REPLICAT/RLOTNH},oracle goldengate replicat,RLOTNH,Lagging checkpoint duration is high,regex,regex,oracle goldengate replicat,RLOTNH,UNK,REPLICAT/RLOTNH
Critical,Critical,3,2025-08-01T23:35:00,319.0,5.317,Memory utilization is high for pod prometheus-0 of namespace monitoring on Kubernetes Cluster flexcube-cbs-prod-tkc,host,Kubernetes,Memory utilization is high for pod prometheus-0 of namespace monitoring,regex,regex,host,Kubernetes,kubernetes cluster,namespace
Minor,Minor,1,2025-08-01T23:34:00,40.0,0.667,Elapsed time of Oracle job is high on Oracle Database BI_Reporting_Prod_DB:1665:KBZRPTDCPDB,host,Oracle,Elapsed time of Oracle job is high,regex,regex,host,Oracle,oracle database,Oracle
Major,Major,2,2025-08-01T23:33:00,281.0,4.683,High CPU utilization when waiting for I/O on AWS_CBS_Reporting_DB,host,AWS_CBS_Reporting_DB,High CPU utilization when waiting for I/O,regex,regex,host,AWS_CBS_Reporting_DB,host,AWS_CBS_Reporting_DB
Minor,Minor,1,2025-08-01T23:33:00,151.0,2.517,Percentage of long table scans is high on Oracle Database BI_Reporting_Prod_DB:1665:KBZRPTDCPDB,host,Oracle,Percentage of long table scans is high,regex,regex,host,Oracle,oracle database,long
Minor,Minor,1,2025-08-01T23:32:00,326.0,5.433,There have been many container termination failures for pod aws-guardduty-agent-nwk7w of namespace amazon-guardduty on Kubernetes Cluster NewCoreBankingProdEnv,host,Kubernetes,There have been many container termination failures for pod aws-guardduty-agent-nwk7w of namespace amazon-guardduty,regex,regex,host,Kubernetes,kubernetes cluster,namespace
Minor,Minor,1,2025-08-01T23:32:00,2086.0,34.767,Load failures rate is high {CBSCustomerServiceBalance_1528\w3wp#6},resource,CBSCustomerServiceBalance_1528\w3wp#6,Load failures rate is high,regex,regex,resource,CBSCustomerServiceBalance_1528\w3wp#6,host,CBSCustomerServiceBalance_1528\w3wp#6
Minor,Minor,1,2025-08-01T23:32:00,2086.0,34.767,Load failures rate is high {CBSCustomerServiceBalance_1528\Summary},resource,CBSCustomerServiceBalance_1528\Summary,Load failures rate is high,regex,regex,resource,CBSCustomerServiceBalance_1528\Summary,host,CBSCustomerServiceBalance_1528\Summary
Minor,Minor,1,2025-08-01T23:32:00,2086.0,34.767,Load failures rate is high {CBSAccountingService_1568\Summary},resource,CBSAccountingService_1568\Summary,Load failures rate is high,regex,regex,resource,CBSAccountingService_1568\Summary,host,CBSAccountingService_1568\Summary
Minor,Minor,1,2025-08-01T23:32:00,2086.0,34.767,Load failures rate is high {CBSCustomerServiceBalance_1528\w3wp#5},resource,CBSCustomerServiceBalance_1528\w3wp#5,Load failures rate is high,regex,regex,resource,CBSCustomerServiceBalance_1528\w3wp#5,host,CBSCustomerServiceBalance_1528\w3wp#5
Minor,Minor,1,2025-08-01T23:32:00,2086.0,34.767,Load failures rate is high {CBSCustomerServiceBalance_1528\w3wp#4},resource,CBSCustomerServiceBalance_1528\w3wp#4,Load failures rate is high,regex,regex,resource,CBSCustomerServiceBalance_1528\w3wp#4,host,CBSCustomerServiceBalance_1528\w3wp#4
Minor,Minor,1,2025-08-01T23:31:00,275.0,4.583,Load failures rate is high {CBSAccountingService_1568\w3wp#12},resource,CBSAccountingService_1568\w3wp#12,Load failures rate is high,regex,regex,resource,CBSAccountingService_1568\w3wp#12,host,CBSAccountingService_1568\w3wp#12
Minor,Minor,1,2025-08-01T23:31:00,20.0,0.333,Query is taking high CPU time on Oracle Database BI_Reporting_Prod_DB:1665:KBZRPTDCPDB,host,Oracle,Query is taking high CPU time,regex,regex,host,Oracle,oracle database,Oracle
Minor,Minor,1,2025-08-01T23:31:00,271.0,4.517,Load failures rate is high {CBSAccountingService_1568\w3wp#13},resource,CBSAccountingService_1568\w3wp#13,Load failures rate is high,regex,regex,resource,CBSAccountingService_1568\w3wp#13,host,CBSAccountingService_1568\w3wp#13
Minor,Minor,1,2025-08-01T23:31:00,581.0,9.683,High CPU utilization when waiting for I/O on eG_Backend_DB_DR,host,eG_Backend_DB_DR,High CPU utilization when waiting for I/O,regex,regex,host,eG_Backend_DB_DR,host,eG_Backend_DB_DR
Minor,Minor,1,2025-08-01T23:31:00,62.0,1.033,Execute to Parse ratio is low on Oracle Database BI_Reporting_Prod_DB:1665:KBZRPTDC,host,Oracle,Execute to Parse ratio is low,regex,regex,host,Oracle,oracle database,Oracle
Minor,Minor,1,2025-08-01T23:31:00,557.0,9.283,Other waits are taking time on Oracle Database BI_Reporting_Prod_DB:1665:KBZRPTDC,host,Oracle,Other waits are taking time,regex,regex,host,Oracle,oracle database,Oracle
Minor,Minor,1,2025-08-01T23:30:00,1785.0,29.75,Write rate to datafile o1_mf_apidat_d_l8rb6c8g_.dbf is high on Oracle Database on Cloud APIRDB:1580,host,Oracle,Write rate to datafile o1_mf_apidat_d_l8rb6c8g_.dbf is high,regex,regex,host,Oracle,oracle database,Oracle
Minor,Minor,1,2025-08-01T23:29:00,85.0,1.417,Elapsed time of Oracle job is high on Oracle Database BI_Reporting_Prod_DB:1665:KBZRPTDCPDB,host,Oracle,Elapsed time of Oracle job is high,regex,regex,host,Oracle,oracle database,Oracle
Major,Major,2,2025-08-01T23:28:00,2368.0,39.467,High disk space usage on /export/home/oracle drive of BIREPO_DB_Node_1,host,BIREPO_DB_Node_1,High disk space usage on /export/home/oracle,regex,regex,host,BIREPO_DB_Node_1,host,BIREPO_DB_Node_1
Minor,Minor,1,2025-08-01T23:28:00,321.0,5.35,Many blocked connections for user egurkha on Oracle Database eG_Backend_DB:1521:egrepdc,host,Oracle,Many blocked connections for user egurkha,regex,regex,host,Oracle,oracle database,Oracle
Minor,Minor,1,2025-08-01T23:28:00,647.0,10.783,Many blocked sessions on Oracle Database eG_Backend_DB:1521:egrepdc,host,Oracle,Many blocked sessions,regex,regex,host,Oracle,oracle database,Oracle
Minor,Minor,1,2025-08-01T23:28:00,150.0,2.5,Percentage of long table scans is high on Oracle Database BI_Reporting_Prod_DB:1665:KBZRPTDCPDB,host,Oracle,Percentage of long table scans is high,regex,regex,host,Oracle,oracle database,long
Minor,Minor,1,2025-08-01T23:27:00,296.0,4.933,Average shared lock wait time is high on SAP HANA Database KBZ-PRD-DB-SYSDB:35015,sap hana database,KBZ-PRD-DB-SYSDB:35015,Average shared lock wait time is high,regex,regex,sap hana database,KBZ-PRD-DB-SYSDB:35015,UNK,SAP
Minor,Minor,1,2025-08-01T23:27:00,296.0,4.933,Average exclusive lock wait time is high on SAP HANA Database KBZ-PRD-DB-SYSDB:35015,sap hana database,KBZ-PRD-DB-SYSDB:35015,Average exclusive lock wait time is high,regex,regex,sap hana database,KBZ-PRD-DB-SYSDB:35015,UNK,SAP
Minor,Minor,1,2025-08-01T23:26:00,1063.0,17.717,Many maintenance {system-update},resource,system-update,Many maintenance,regex,regex,resource,system-update,host,system-update
Minor,Minor,1,2025-08-01T23:26:00,1066.0,17.767,Many maintenance {Summary},resource,Summary,Many maintenance,regex,regex,resource,Summary,UNK,Summary
Minor,Minor,1,2025-08-01T23:26:00,581.0,9.683,Load failures rate is high {CBSAccountingService_1568\Summary},resource,CBSAccountingService_1568\Summary,Load failures rate is high,regex,regex,resource,CBSAccountingService_1568\Summary,host,CBSAccountingService_1568\Summary
Minor,Minor,1,2025-08-01T23:25:00,712.0,11.867,Many maintenance {system-update},resource,system-update,Many maintenance,regex,regex,resource,system-update,host,system-update
Minor,Minor,1,2025-08-01T23:25:00,715.0,11.917,Many maintenance {Summary},resource,Summary,Many maintenance,regex,regex,resource,Summary,UNK,Summary
Minor,Minor,1,2025-08-01T23:24:00,76.0,1.267,Elapsed time of Oracle job is high on Oracle Database BI_Reporting_Prod_DB:1665:KBZRPTDCPDB,host,Oracle,Elapsed time of Oracle job is high,regex,regex,host,Oracle,oracle database,Oracle
Minor,Minor,1,2025-08-01T23:23:00,12120.0,202.0,Buffer cache hit ratio is low on Oracle Database ONPREM_KBZPRDSTBY_CDB:1580:KBZPRDSTBY,host,Oracle,Buffer cache hit ratio is low,regex,regex,host,Oracle,oracle database,Oracle
Minor,Minor,1,2025-08-01T23:23:00,110.0,1.833,Percentage of long table scans is high on Oracle Database BI_Reporting_Prod_DB:1665:KBZRPTDCPDB,host,Oracle,Percentage of long table scans is high,regex,regex,host,Oracle,oracle database,long
Minor,Minor,1,2025-08-01T23:23:00,1780.0,29.667,There are many waiting containers in pod obic-interest-extrp-service-9cd9c45b-lp257 of namespace javaic on Kubernetes Cluster flexcube-cbs-uat-tkc,host,Kubernetes,There are many waiting containers in pod obic-interest-extrp-service-9cd9c45b-lp257 of namespace javaic,regex,regex,host,Kubernetes,kubernetes cluster,obic-interest-extrp-service-9cd9c45b-lp257
Minor,Minor,1,2025-08-01T23:23:00,3299.0,54.983,There are many waiting containers in pod aws-guardduty-agent-72896 of namespace amazon-guardduty on Kubernetes Cluster NewCoreBankingProdEnv,host,Kubernetes,There are many waiting containers in pod aws-guardduty-agent-72896 of namespace amazon-guardduty,regex,regex,host,Kubernetes,kubernetes cluster,aws-guardduty-agent-72896
Critical,Critical,3,2025-08-01T23:22:00,6000.0,100.0,Many back-off restarting failed containers on Kubernetes Cluster NewCoreBankingProdEnv,host,Kubernetes,Many back-off restarting failed containers,regex,regex,host,Kubernetes,kubernetes cluster,Kubernetes
Minor,Minor,1,2025-08-01T23:22:00,1419.0,23.65,Maximum query elapsed time is high on Oracle Database BI_Reporting_Prod_DB:1665:KBZRPTDCPDB,host,Oracle,Maximum query elapsed time is high,regex,regex,host,Oracle,oracle database,Oracle
Minor,Minor,1,2025-08-01T23:22:00,286.0,4.767,Query is taking high CPU time on Oracle Database BI_Reporting_Prod_DB:1665:KBZRPTDCPDB,host,Oracle,Query is taking high CPU time,regex,regex,host,Oracle,oracle database,Oracle
Minor,Minor,1,2025-08-01T23:22:00,310.0,5.167,Execute to Parse ratio is low on Oracle Database BI_Reporting_Prod_DB:1665:KBZRPTDC,host,Oracle,Execute to Parse ratio is low,regex,regex,host,Oracle,oracle database,Oracle
Critical,Critical,3,2025-08-01T23:21:00,317.0,5.283,The web page HomePage is not available for external access. This is affecting External Web ibanking,external web,ibanking,UNK,regex,regex,external web,ibanking,UNK,UNK
Minor,Minor,1,2025-08-01T23:20:00,291.0,4.85,Many blocked connections for user KBZREPS on Oracle Database BI_Reporting_Prod_DB:1665:KBZRPTDCPDB,host,Oracle,Many blocked connections for user KBZREPS,regex,regex,host,Oracle,oracle database,Oracle
Minor,Minor,1,2025-08-01T23:20:00,60.0,1.0,One or more long running queries have been detected on Oracle Database BI_Reporting_Prod_DB:1665:KBZRPTDCPDB,host,Oracle,One or more long running queries have been detected,regex,regex,host,Oracle,oracle database,Oracle
Critical,Critical,3,2025-08-01T23:20:00,312.0,5.2,Many back off pulling images on Kubernetes Cluster flexcube-cbs-mig-tkc,host,Kubernetes,Many back off pulling images,regex,regex,host,Kubernetes,kubernetes cluster,Kubernetes
Critical,Critical,3,2025-08-01T23:20:00,938.0,15.633,TimeSinceLastChckPoint {REPLICAT/RLOTNF},oracle goldengate replicat,RLOTNF,TimeSinceLastChckPoint,regex,regex,oracle goldengate replicat,RLOTNF,UNK,REPLICAT/RLOTNF
Critical,Critical,3,2025-08-01T23:20:00,2804.0,46.733,TimeSinceLastChckPoint {REPLICAT/RLOTNC},oracle goldengate replicat,RLOTNC,TimeSinceLastChckPoint,regex,regex,oracle goldengate replicat,RLOTNC,UNK,REPLICAT/RLOTNC
Minor,Minor,1,2025-08-01T23:20:00,356.0,5.933,Many backup {Summary},resource,Summary,Many backup,regex,regex,resource,Summary,UNK,Summary
Minor,Minor,1,2025-08-01T23:19:00,359.0,5.983,Many backup {db-instance},resource,db-instance,Many backup,regex,regex,resource,db-instance,host,db-instance
Minor,Minor,1,2025-08-01T23:19:00,145.0,2.417,CPU usage of Oracle job is high on Oracle Database BI_Reporting_Prod_DB:1665:KBZRPTDCPDB,host,Oracle,CPU usage of Oracle job is high,regex,regex,host,Oracle,oracle database,Oracle
Minor,Minor,1,2025-08-01T23:19:00,145.0,2.417,Elapsed time of Oracle job is high on Oracle Database BI_Reporting_Prod_DB:1665:KBZRPTDCPDB,host,Oracle,Elapsed time of Oracle job is high,regex,regex,host,Oracle,oracle database,Oracle
Minor,Minor,1,2025-08-01T23:19:00,571.0,9.517,There are many waiting containers in pod obic-interest-extrp-service-9cd9c45b-v7mpg of namespace javaic on Kubernetes Cluster flexcube-cbs-uat-tkc,host,Kubernetes,There are many waiting containers in pod obic-interest-extrp-service-9cd9c45b-v7mpg of namespace javaic,regex,regex,host,Kubernetes,kubernetes cluster,obic-interest-extrp-service-9cd9c45b-v7mpg
Minor,Minor,1,2025-08-01T23:18:00,265.0,4.417,There have been many container termination failures for pod aws-guardduty-agent-72896 of namespace amazon-guardduty on Kubernetes Cluster NewCoreBankingProdEnv,host,Kubernetes,There have been many container termination failures for pod aws-guardduty-agent-72896 of namespace amazon-guardduty,regex,regex,host,Kubernetes,kubernetes cluster,namespace
Minor,Minor,1,2025-08-01T23:18:00,85.0,1.417,Percentage of long table scans is high on Oracle Database BI_Reporting_Prod_DB:1665:KBZRPTDCPDB,host,Oracle,Percentage of long table scans is high,regex,regex,host,Oracle,oracle database,long
Minor,Minor,1,2025-08-01T23:18:00,902.0,15.033,High CPU utilization when waiting for I/O on AWS_CBS_Reporting_DB,host,AWS_CBS_Reporting_DB,High CPU utilization when waiting for I/O,regex,regex,host,AWS_CBS_Reporting_DB,host,AWS_CBS_Reporting_DB
Minor,Minor,1,2025-08-01T23:17:00,36.0,0.6,Maximum query elapsed time is high on Oracle Database BI_Reporting_Prod_DB:1665:KBZRPTDCPDB,host,Oracle,Maximum query elapsed time is high,regex,regex,host,Oracle,oracle database,Oracle
Minor,Minor,1,2025-08-01T23:17:00,36.0,0.6,Query is taking high CPU time on Oracle Database BI_Reporting_Prod_DB:1665:KBZRPTDCPDB,host,Oracle,Query is taking high CPU time,regex,regex,host,Oracle,oracle database,Oracle
Minor,Minor,1,2025-08-01T23:17:00,284.0,4.733,Execute to Parse ratio is low on Oracle Database BI_Reporting_Prod_DB:1665:KBZRPTDC,host,Oracle,Execute to Parse ratio is low,regex,regex,host,Oracle,oracle database,Oracle
Major,Major,2,2025-08-01T23:15:00,267.0,4.45,Many HTTP 5XX responses on load balancer app/flexcube-loadbalancer-prod1/dd97bd39a3f8c9b6 of AWS Cloud flexcube-corebanking-prd,load balancer,app/flexcube-loadbalancer-prod1/dd97bd39a3f8c9b6,Many HTTP 5XX responses,regex,regex,load balancer,app/flexcube-loadbalancer-prod1/dd97bd39a3f8c9b6,aws cloud,load
Critical,Critical,3,2025-08-01T23:14:00,4980.0,83.0,Space usage RECOC2 is high on Oracle Cluster IBDB_Oracle_Rac:1580,host,Oracle,Space usage RECOC2 is high,regex,regex,host,Oracle,UNK,Oracle
Minor,Minor,1,2025-08-01T23:14:00,140.0,2.333,Elapsed time of Oracle job is high on Oracle Database BI_Reporting_Prod_DB:1665:KBZRPTDCPDB,host,Oracle,Elapsed time of Oracle job is high,regex,regex,host,Oracle,oracle database,Oracle
Minor,Minor,1,2025-08-01T23:14:00,140.0,2.333,CPU usage of Oracle job is high on Oracle Database BI_Reporting_Prod_DB:1665:KBZRPTDCPDB,host,Oracle,CPU usage of Oracle job is high,regex,regex,host,Oracle,oracle database,Oracle
Minor,Minor,1,2025-08-01T23:13:00,40.0,0.667,Percentage of long table scans is high on Oracle Database BI_Reporting_Prod_DB:1665:KBZRPTDCPDB,host,Oracle,Percentage of long table scans is high,regex,regex,host,Oracle,oracle database,long
Minor,Minor,1,2025-08-01T23:13:00,311.0,5.183,Buffer cache hit ratio is low on Oracle Database EYLOAN_Oracle_DB:1880:dcey,host,Oracle,Buffer cache hit ratio is low,regex,regex,host,Oracle,oracle database,Oracle
Major,Major,2,2025-08-01T23:13:00,291.0,4.85,High CPU utilization when waiting for I/O on AWS_CBS_Reporting_DB,host,AWS_CBS_Reporting_DB,High CPU utilization when waiting for I/O,regex,regex,host,AWS_CBS_Reporting_DB,host,AWS_CBS_Reporting_DB
Minor,Minor,1,2025-08-01T23:13:00,3300.0,55.0,There are many waiting containers in pod aws-guardduty-agent-ws4b9 of namespace amazon-guardduty on Kubernetes Cluster NewCoreBankingProdEnv,host,Kubernetes,There are many waiting containers in pod aws-guardduty-agent-ws4b9 of namespace amazon-guardduty,regex,regex,host,Kubernetes,kubernetes cluster,aws-guardduty-agent-ws4b9
Minor,Minor,1,2025-08-01T23:12:00,586.0,9.767,Average exclusive lock wait time is high on SAP HANA Database KBZ-PRD-DB-SYSDB:35015,sap hana database,KBZ-PRD-DB-SYSDB:35015,Average exclusive lock wait time is high,regex,regex,sap hana database,KBZ-PRD-DB-SYSDB:35015,UNK,SAP
Minor,Minor,1,2025-08-01T23:12:00,45.0,0.75,Query is taking high CPU time on Oracle Database BI_Reporting_Prod_DB:1665:KBZRPTDCPDB,host,Oracle,Query is taking high CPU time,regex,regex,host,Oracle,oracle database,Oracle
Minor,Minor,1,2025-08-01T23:12:00,45.0,0.75,Maximum query elapsed time is high on Oracle Database BI_Reporting_Prod_DB:1665:KBZRPTDCPDB,host,Oracle,Maximum query elapsed time is high,regex,regex,host,Oracle,oracle database,Oracle
Minor,Minor,1,2025-08-01T23:12:00,251.0,4.183,Execute to Parse ratio is low on Oracle Database BI_Reporting_Prod_DB:1665:KBZRPTDC,host,Oracle,Execute to Parse ratio is low,regex,regex,host,Oracle,oracle database,Oracle
Minor,Minor,1,2025-08-01T23:12:00,626.0,10.433,Many maintenance {system-update},resource,system-update,Many maintenance,regex,regex,resource,system-update,host,system-update
Minor,Minor,1,2025-08-01T23:12:00,310.0,5.167,Many maintenance {system-update},resource,system-update,Many maintenance,regex,regex,resource,system-update,host,system-update
Minor,Minor,1,2025-08-01T23:11:00,315.0,5.25,Many maintenance {Summary},resource,Summary,Many maintenance,regex,regex,resource,Summary,UNK,Summary
Minor,Minor,1,2025-08-01T23:11:00,631.0,10.517,Many maintenance {Summary},resource,Summary,Many maintenance,regex,regex,resource,Summary,UNK,Summary
Critical,Critical,3,2025-08-01T23:11:00,268.0,4.467,Many back off pulling images on Kubernetes Cluster flexcube-cbs-mig-tkc,host,Kubernetes,Many back off pulling images,regex,regex,host,Kubernetes,kubernetes cluster,Kubernetes
Minor,Minor,1,2025-08-01T23:09:00,150.0,2.5,Elapsed time of Oracle job is high on Oracle Database BI_Reporting_Prod_DB:1665:KBZRPTDCPDB,host,Oracle,Elapsed time of Oracle job is high,regex,regex,host,Oracle,oracle database,Oracle
Minor,Minor,1,2025-08-01T23:09:00,337.0,5.617,High CPU utilization when waiting for I/O on eG_Backend_DB,host,eG_Backend_DB,High CPU utilization when waiting for I/O,regex,regex,host,eG_Backend_DB,host,eG_Backend_DB
Minor,Minor,1,2025-08-01T23:08:00,267.0,4.45,There have been many container termination failures for pod aws-guardduty-agent-ws4b9 of namespace amazon-guardduty on Kubernetes Cluster NewCoreBankingProdEnv,host,Kubernetes,There have been many container termination failures for pod aws-guardduty-agent-ws4b9 of namespace amazon-guardduty,regex,regex,host,Kubernetes,kubernetes cluster,namespace
Minor,Minor,1,2025-08-01T23:08:00,633.0,10.55,There are many waiting containers in pod obic-interest-extrp-service-9cd9c45b-lp257 of namespace javaic on Kubernetes Cluster flexcube-cbs-uat-tkc,host,Kubernetes,There are many waiting containers in pod obic-interest-extrp-service-9cd9c45b-lp257 of namespace javaic,regex,regex,host,Kubernetes,kubernetes cluster,obic-interest-extrp-service-9cd9c45b-lp257
Minor,Minor,1,2025-08-01T23:07:00,588.0,9.8,Many blocked sessions on Oracle Database eG_Backend_DB:1521:egrepdc,host,Oracle,Many blocked sessions,regex,regex,host,Oracle,oracle database,Oracle
Minor,Minor,1,2025-08-01T23:07:00,337.0,5.617,Queue length is high {DefaultAppPool\Summary},iis app pool,DefaultAppPool\Summary,Queue length is high,regex,regex,iis app pool,DefaultAppPool\Summary,UNK,DefaultAppPool\Summary
Minor,Minor,1,2025-08-01T23:07:00,337.0,5.617,Queue length is high {DefaultAppPool\w3wp#10},iis app pool,DefaultAppPool\w3wp#10,Queue length is high,regex,regex,iis app pool,DefaultAppPool\w3wp#10,UNK,DefaultAppPool\w3wp#10
Minor,Minor,1,2025-08-01T23:07:00,230.0,3.833,Execute to Parse ratio is low on Oracle Database BI_Reporting_Prod_DB:1665:KBZRPTDC,host,Oracle,Execute to Parse ratio is low,regex,regex,host,Oracle,oracle database,Oracle
Minor,Minor,1,2025-08-01T23:06:00,80.0,1.333,Maximum query elapsed time is high on Oracle Database BI_Reporting_Prod_DB:1665:KBZRPTDCPDB,host,Oracle,Maximum query elapsed time is high,regex,regex,host,Oracle,oracle database,Oracle
Minor,Minor,1,2025-08-01T23:06:00,80.0,1.333,Query is taking high CPU time on Oracle Database BI_Reporting_Prod_DB:1665:KBZRPTDCPDB,host,Oracle,Query is taking high CPU time,regex,regex,host,Oracle,oracle database,Oracle
Critical,Critical,3,2025-08-01T23:05:00,923.0,15.383,Lagging checkpoint duration is high {REPLICAT/RLOTNB},oracle goldengate replicat,RLOTNB,Lagging checkpoint duration is high,regex,regex,oracle goldengate replicat,RLOTNB,UNK,REPLICAT/RLOTNB
Critical,Critical,3,2025-08-01T23:05:00,923.0,15.383,Lagging checkpoint duration is high {REPLICAT/RLOTNH},oracle goldengate replicat,RLOTNH,Lagging checkpoint duration is high,regex,regex,oracle goldengate replicat,RLOTNH,UNK,REPLICAT/RLOTNH
Critical,Critical,3,2025-08-01T23:05:00,1861.0,31.017,Lagging checkpoint duration is high {REPLICAT/RLOTNE},oracle goldengate replicat,RLOTNE,Lagging checkpoint duration is high,regex,regex,oracle goldengate replicat,RLOTNE,UNK,REPLICAT/RLOTNE
Minor,Minor,1,2025-08-01T23:05:00,292.0,4.867,Many redo log space requests have been issued on Oracle Database AWS_CBS_Reporting_DB:1665:KBZRPTDCPDB,host,Oracle,Many redo log space requests have been issued,regex,regex,host,Oracle,oracle database,Oracle
Critical,Critical,3,2025-08-01T23:05:00,923.0,15.383,Lagging checkpoint duration is high {REPLICAT/RLOTND},oracle goldengate replicat,RLOTND,Lagging checkpoint duration is high,regex,regex,oracle goldengate replicat,RLOTND,UNK,REPLICAT/RLOTND
Minor,Minor,1,2025-08-01T23:05:00,297.0,4.95,Many redo buffer entries exist on Oracle Database AWS_CBS_Reporting_DB:1665:KBZRPTDCPDB,host,Oracle,Many redo buffer entries exist,regex,regex,host,Oracle,oracle database,Oracle
Minor,Minor,1,2025-08-01T23:05:00,212.0,3.533,Many backup {Summary},resource,Summary,Many backup,regex,regex,resource,Summary,UNK,Summary
Minor,Minor,1,2025-08-01T23:05:00,207.0,3.45,Many backup {db-cluster-snapshot},resource,db-cluster-snapshot,Many backup,regex,regex,resource,db-cluster-snapshot,host,db-cluster-snapshot
Minor,Minor,1,2025-08-01T23:04:00,75600.0,1260.0,Destination has log gap issues for LOG_ARCHIVE_DEST_4 on Oracle Database New_CB_DB:1665:kbzprddcpdb,host,Oracle,Destination has log gap issues for LOG_ARCHIVE_DEST_4,regex,regex,host,Oracle,oracle database,Oracle
Minor,Minor,1,2025-08-01T23:04:00,167.0,2.783,Elapsed time of Oracle job is high on Oracle Database BI_Reporting_Prod_DB:1665:KBZRPTDCPDB,host,Oracle,Elapsed time of Oracle job is high,regex,regex,host,Oracle,oracle database,Oracle
Minor,Minor,1,2025-08-01T23:04:00,314.0,5.233,Percentage of long table scans is high on Oracle Database BI_Reporting_Prod_DB:1665:KBZRPTDCPDB,host,Oracle,Percentage of long table scans is high,regex,regex,host,Oracle,oracle database,long
Critical,Critical,3,2025-08-01T23:03:00,970.0,16.167,Lagging checkpoint duration is high {REPLICAT/RLOTND},oracle goldengate replicat,RLOTND,Lagging checkpoint duration is high,regex,regex,oracle goldengate replicat,RLOTND,UNK,REPLICAT/RLOTND
Critical,Critical,3,2025-08-01T23:03:00,970.0,16.167,Lagging checkpoint duration is high {REPLICAT/RLOTNH},oracle goldengate replicat,RLOTNH,Lagging checkpoint duration is high,regex,regex,oracle goldengate replicat,RLOTNH,UNK,REPLICAT/RLOTNH
Minor,Minor,1,2025-08-01T23:02:00,322.0,5.367,Many maintenance {system-update},resource,system-update,Many maintenance,regex,regex,resource,system-update,host,system-update
Minor,Minor,1,2025-08-01T23:02:00,323.0,5.383,Many maintenance {Summary},resource,Summary,Many maintenance,regex,regex,resource,Summary,UNK,Summary
Minor,Minor,1,2025-08-01T23:02:00,232.0,3.867,Parse CPU to parse elapsed ratio is low on Oracle Database BI_Reporting_Prod_DB:1665:KBZRPTDC,host,Oracle,Parse CPU to parse elapsed ratio is low,regex,regex,host,Oracle,oracle database,Oracle
Minor,Minor,1,2025-08-01T23:02:00,80.0,1.333,Maximum query elapsed time is high on Oracle Database BI_Reporting_Prod_DB:1665:KBZRPTDCPDB,host,Oracle,Maximum query elapsed time is high,regex,regex,host,Oracle,oracle database,Oracle
Minor,Minor,1,2025-08-01T23:02:00,80.0,1.333,Query is taking high CPU time on Oracle Database BI_Reporting_Prod_DB:1665:KBZRPTDCPDB,host,Oracle,Query is taking high CPU time,regex,regex,host,Oracle,oracle database,Oracle
Minor,Minor,1,2025-08-01T23:01:00,235.0,3.917,Execute to Parse ratio is low on Oracle Database BI_Reporting_Prod_DB:1665:KBZRPTDC,host,Oracle,Execute to Parse ratio is low,regex,regex,host,Oracle,oracle database,Oracle
Minor,Minor,1,2025-08-01T23:01:00,302.0,5.033,Many blocked connections for user C##GGUSR on Oracle Database AWS_CBS_Reporting_DB:1665:KBZRPTDCPDB,host,Oracle,Many blocked connections for user C##GGUSR,regex,regex,host,Oracle,oracle database,Oracle
Minor,Minor,1,2025-08-01T23:01:00,18720.0,312.0,Maximum query elapsed time is high on Oracle Database AWS_CBS_Reporting_DB:1665:KBZRPTDCPDB,host,Oracle,Maximum query elapsed time is high,regex,regex,host,Oracle,oracle database,Oracle
Minor,Minor,1,2025-08-01T23:00:00,2089.0,34.817,Write rate to datafile o1_mf_apidat_d_m5t885lp_.dbf is high on Oracle Database on Cloud APIRDB:1580,host,Oracle,Write rate to datafile o1_mf_apidat_d_m5t885lp_.dbf is high,regex,regex,host,Oracle,oracle database,Oracle
Minor,Minor,1,2025-08-01T22:59:00,585.0,9.75,Memory utilization is high on apisys-prod-zb.kbzbank.com,host,apisys-prod-zb.kbzbank.com,Memory utilization is high,regex,regex,host,apisys-prod-zb.kbzbank.com,host,apisys-prod-zb.kbzbank.com
Major,Major,2,2025-08-01T22:59:00,3572.0,59.533,High disk space usage on /export/home/orarom drive of BIREPO_DB_Node_1,host,BIREPO_DB_Node_1,High disk space usage on /export/home/orarom,regex,regex,host,BIREPO_DB_Node_1,host,BIREPO_DB_Node_1
Minor,Minor,1,2025-08-01T22:59:00,2971.0,49.517,High disk space usage on /var drive of BIREPO_DB_Node_1,host,BIREPO_DB_Node_1,High disk space usage on /var,regex,regex,host,BIREPO_DB_Node_1,host,BIREPO_DB_Node_1
Minor,Minor,1,2025-08-01T22:59:00,216.0,3.6,Elapsed time of Oracle job is high on Oracle Database BI_Reporting_Prod_DB:1665:KBZRPTDCPDB,host,Oracle,Elapsed time of Oracle job is high,regex,regex,host,Oracle,oracle database,Oracle
Minor,Minor,1,2025-08-01T22:58:00,20.0,0.333,Percentage of long table scans is high on Oracle Database BI_Reporting_Prod_DB:1665:KBZRPTDCPDB,host,Oracle,Percentage of long table scans is high,regex,regex,host,Oracle,oracle database,long
Minor,Minor,1,2025-08-01T22:58:00,2710.0,45.167,Average latency for write operations is high in the FCP {port.3a [50:0a:09:81:80:63:2c:23]},fcp port,port.3a,Average latency for write operations is high,regex,regex,fcp port,port.3a,UNK,port.3a [50:0a:09:81:80:63:2c:23]
Minor,Minor,1,2025-08-01T22:58:00,2710.0,45.167,Average latency for write operations is high in the FCP {port.3b [50:0a:09:82:80:63:2c:23]},fcp port,port.3b,Average latency for write operations is high,regex,regex,fcp port,port.3b,UNK,port.3b [50:0a:09:82:80:63:2c:23]
Minor,Minor,1,2025-08-01T22:58:00,1564.0,26.067,Maximum elapsed time is high on Oracle Cluster CBS_DB:1580,host,Oracle,Maximum elapsed time is high,regex,regex,host,Oracle,UNK,Oracle
Minor,Minor,1,2025-08-01T22:58:00,301.0,5.017,Average exclusive lock wait time is high on SAP HANA Database KBZ-PRD-DB-SYSDB:35015,sap hana database,KBZ-PRD-DB-SYSDB:35015,Average exclusive lock wait time is high,regex,regex,sap hana database,KBZ-PRD-DB-SYSDB:35015,UNK,SAP
Minor,Minor,1,2025-08-01T22:58:00,1446.0,24.1,Average shared lock wait time is high on SAP HANA Database KBZ-PRD-DB-SYSDB:35015,sap hana database,KBZ-PRD-DB-SYSDB:35015,Average shared lock wait time is high,regex,regex,sap hana database,KBZ-PRD-DB-SYSDB:35015,UNK,SAP
Minor,Minor,1,2025-08-01T22:58:00,276.0,4.6,Queue length is high {DefaultAppPool\w3wp#10},iis app pool,DefaultAppPool\w3wp#10,Queue length is high,regex,regex,iis app pool,DefaultAppPool\w3wp#10,UNK,DefaultAppPool\w3wp#10
Minor,Minor,1,2025-08-01T22:58:00,278.0,4.633,Queue length is high {DefaultAppPool\Summary},iis app pool,DefaultAppPool\Summary,Queue length is high,regex,regex,iis app pool,DefaultAppPool\Summary,UNK,DefaultAppPool\Summary
Minor,Minor,1,2025-08-01T22:58:00,1523.0,25.383,Queue length is high {SMSBrix1505\Summary},resource,SMSBrix1505\Summary,Queue length is high,regex,regex,resource,SMSBrix1505\Summary,UNK,SMSBrix1505\Summary
Minor,Minor,1,2025-08-01T22:57:00,950.0,15.833,There are many waiting containers in pod obic-interest-extrp-service-9cd9c45b-v7mpg of namespace javaic on Kubernetes Cluster flexcube-cbs-uat-tkc,host,Kubernetes,There are many waiting containers in pod obic-interest-extrp-service-9cd9c45b-v7mpg of namespace javaic,regex,regex,host,Kubernetes,kubernetes cluster,obic-interest-extrp-service-9cd9c45b-v7mpg
Minor,Minor,1,2025-08-01T22:57:00,628.0,10.467,Many maintenance {system-update},resource,system-update,Many maintenance,regex,regex,resource,system-update,host,system-update
Minor,Minor,1,2025-08-01T22:57:00,631.0,10.517,Many maintenance {Summary},resource,Summary,Many maintenance,regex,regex,resource,Summary,UNK,Summary
Major,Major,2,2025-08-01T22:57:00,1009.0,16.817,Actual CPU credit balance is high {ap-southeast-1:-:i-04b74635ad73c1a93},resource,ap-southeast-1:-:i-04b74635ad73c1a93,Actual CPU credit balance is high,regex,regex,resource,ap-southeast-1:-:i-04b74635ad73c1a93,host,ap-southeast-1:-:i-04b74635ad73c1a93
Critical,Critical,3,2025-08-01T22:57:00,309.0,5.15,Many back-off restarting failed containers on Kubernetes Cluster flexcube-cbs-uat-tkc,host,Kubernetes,Many back-off restarting failed containers,regex,regex,host,Kubernetes,kubernetes cluster,Kubernetes
Minor,Minor,1,2025-08-01T22:57:00,310.0,5.167,Many instances have been removed recently from AWS Cloud p2p-sap-hana-prd,aws cloud,p2p-sap-hana-prd,Many instances have been removed recently,regex,regex,aws cloud,p2p-sap-hana-prd,aws cloud,AWS
Minor,Minor,1,2025-08-01T22:57:00,210.0,3.5,Parse CPU to parse elapsed ratio is low on Oracle Database BI_Reporting_Prod_DB:1665:KBZRPTDC,host,Oracle,Parse CPU to parse elapsed ratio is low,regex,regex,host,Oracle,oracle database,Oracle
Minor,Minor,1,2025-08-01T22:57:00,212.0,3.533,Execute to Parse ratio is low on Oracle Database BI_Reporting_Prod_DB:1665:KBZRPTDC,host,Oracle,Execute to Parse ratio is low,regex,regex,host,Oracle,oracle database,Oracle
Minor,Minor,1,2025-08-01T22:56:00,100.0,1.667,Maximum query elapsed time is high on Oracle Database BI_Reporting_Prod_DB:1665:KBZRPTDCPDB,host,Oracle,Maximum query elapsed time is high,regex,regex,host,Oracle,oracle database,Oracle
Minor,Minor,1,2025-08-01T22:56:00,100.0,1.667,Query is taking high CPU time on Oracle Database BI_Reporting_Prod_DB:1665:KBZRPTDCPDB,host,Oracle,Query is taking high CPU time,regex,regex,host,Oracle,oracle database,Oracle
Minor,Minor,1,2025-08-01T22:55:00,618.0,10.3,Load failures rate is high {CBSCustomerServiceBalance_1528\w3wp#7},resource,CBSCustomerServiceBalance_1528\w3wp#7,Load failures rate is high,regex,regex,resource,CBSCustomerServiceBalance_1528\w3wp#7,host,CBSCustomerServiceBalance_1528\w3wp#7
Minor,Minor,1,2025-08-01T22:55:00,618.0,10.3,Load failures rate is high {CBSCustomerServiceBalance_1528\w3wp#6},resource,CBSCustomerServiceBalance_1528\w3wp#6,Load failures rate is high,regex,regex,resource,CBSCustomerServiceBalance_1528\w3wp#6,host,CBSCustomerServiceBalance_1528\w3wp#6
Minor,Minor,1,2025-08-01T22:55:00,618.0,10.3,Load failures rate is high {CBSAccountingService_1568\Summary},resource,CBSAccountingService_1568\Summary,Load failures rate is high,regex,regex,resource,CBSAccountingService_1568\Summary,host,CBSAccountingService_1568\Summary
Minor,Minor,1,2025-08-01T22:55:00,618.0,10.3,Load failures rate is high {CBSCustomerServiceBalance_1528\Summary},resource,CBSCustomerServiceBalance_1528\Summary,Load failures rate is high,regex,regex,resource,CBSCustomerServiceBalance_1528\Summary,host,CBSCustomerServiceBalance_1528\Summary
Minor,Minor,1,2025-08-01T22:55:00,1471.0,24.517,Many maintenance {system-update},resource,system-update,Many maintenance,regex,regex,resource,system-update,host,system-update
Minor,Minor,1,2025-08-01T22:55:00,618.0,10.3,Load failures rate is high {CBSCustomerServiceBalance_1528\w3wp#5},resource,CBSCustomerServiceBalance_1528\w3wp#5,Load failures rate is high,regex,regex,resource,CBSCustomerServiceBalance_1528\w3wp#5,host,CBSCustomerServiceBalance_1528\w3wp#5
Minor,Minor,1,2025-08-01T22:55:00,1473.0,24.55,Many maintenance {Summary},resource,Summary,Many maintenance,regex,regex,resource,Summary,UNK,Summary
Minor,Minor,1,2025-08-01T22:55:00,622.0,10.367,Load failures rate is high {CBSAccountingService_1568\w3wp#13},resource,CBSAccountingService_1568\w3wp#13,Load failures rate is high,regex,regex,resource,CBSAccountingService_1568\w3wp#13,host,CBSAccountingService_1568\w3wp#13
Critical,Critical,3,2025-08-01T22:54:00,308.0,5.133,Many container images are failed to pull/create/start on Kubernetes Cluster flexcube-cbs-mig-tkc,host,Kubernetes,Many container images are failed to pull/create/start,regex,regex,host,Kubernetes,kubernetes cluster,Kubernetes
Minor,Minor,1,2025-08-01T22:54:00,1150.0,19.167,High CPU utilization when waiting for I/O on AWS_CBS_Reporting_DB,host,AWS_CBS_Reporting_DB,High CPU utilization when waiting for I/O,regex,regex,host,AWS_CBS_Reporting_DB,host,AWS_CBS_Reporting_DB
Minor,Minor,1,2025-08-01T22:53:00,25.0,0.417,Percentage of long table scans is high on Oracle Database BI_Reporting_Prod_DB:1665:KBZRPTDCPDB,host,Oracle,Percentage of long table scans is high,regex,regex,host,Oracle,oracle database,long
Minor,Minor,1,2025-08-01T22:52:00,307.0,5.117,Queue length is high {SMSBrix1505\Summary},resource,SMSBrix1505\Summary,Queue length is high,regex,regex,resource,SMSBrix1505\Summary,UNK,SMSBrix1505\Summary
Minor,Minor,1,2025-08-01T22:52:00,170.0,2.833,Parse CPU to parse elapsed ratio is low on Oracle Database BI_Reporting_Prod_DB:1665:KBZRPTDC,host,Oracle,Parse CPU to parse elapsed ratio is low,regex,regex,host,Oracle,oracle database,Oracle
Minor,Minor,1,2025-08-01T22:52:00,171.0,2.85,Execute to Parse ratio is low on Oracle Database BI_Reporting_Prod_DB:1665:KBZRPTDC,host,Oracle,Execute to Parse ratio is low,regex,regex,host,Oracle,oracle database,Oracle
Minor,Minor,1,2025-08-01T22:51:00,141.0,2.35,Query is taking high CPU time on Oracle Database BI_Reporting_Prod_DB:1665:KBZRPTDCPDB,host,Oracle,Query is taking high CPU time,regex,regex,host,Oracle,oracle database,Oracle
Minor,Minor,1,2025-08-01T22:51:00,291.0,4.85,Elapsed time of Oracle job is high on Oracle Database gsysdr:1880:gsysdr,host,Oracle,Elapsed time of Oracle job is high,regex,regex,host,Oracle,oracle database,Oracle
Minor,Minor,1,2025-08-01T22:51:00,141.0,2.35,Maximum query elapsed time is high on Oracle Database BI_Reporting_Prod_DB:1665:KBZRPTDCPDB,host,Oracle,Maximum query elapsed time is high,regex,regex,host,Oracle,oracle database,Oracle
Minor,Minor,1,2025-08-01T22:51:00,899.0,14.983,Many blocked connections for user C##GGUSR on Oracle Database BI_Reporting_Prod_DB:1665:KBZRPTDCPDB,host,Oracle,Many blocked connections for user C##GGUSR,regex,regex,host,Oracle,oracle database,Oracle
Minor,Minor,1,2025-08-01T22:51:00,292.0,4.867,CPU usage of Oracle job is high on Oracle Database gsysdr:1880:gsysdr,host,Oracle,CPU usage of Oracle job is high,regex,regex,host,Oracle,oracle database,Oracle
Minor,Minor,1,2025-08-01T22:51:00,944.0,15.733,Many redo buffer entries exist on Oracle Database on Cloud APIRDB:1580,host,Oracle,Many redo buffer entries exist,regex,regex,host,Oracle,oracle database,Oracle
Minor,Minor,1,2025-08-01T22:51:00,944.0,15.733,Many redo log space requests have been issued on Oracle Database on Cloud APIRDB:1580,host,Oracle,Many redo log space requests have been issued,regex,regex,host,Oracle,oracle database,Oracle
Minor,Minor,1,2025-08-01T22:50:00,2308.0,38.467,High disk space usage on /export/home/oracle drive of BIREPO_DB_Node_1,host,BIREPO_DB_Node_1,High disk space usage on /export/home/oracle,regex,regex,host,BIREPO_DB_Node_1,host,BIREPO_DB_Node_1
Minor,Minor,1,2025-08-01T22:49:00,316.0,5.267,Many redo buffer entries exist on Oracle Database BI_Reporting_Prod_DB:1665:KBZRPTDCPDB,host,Oracle,Many redo buffer entries exist,regex,regex,host,Oracle,oracle database,Oracle
Minor,Minor,1,2025-08-01T22:49:00,318.0,5.3,Many redo log space requests have been issued on Oracle Database BI_Reporting_Prod_DB:1665:KBZRPTDCPDB,host,Oracle,Many redo log space requests have been issued,regex,regex,host,Oracle,oracle database,Oracle
Critical,Critical,3,2025-08-01T22:49:00,18720.0,312.0,Lagging checkpoint duration is high {REPLICAT/RLOTNA},oracle goldengate replicat,RLOTNA,Lagging checkpoint duration is high,regex,regex,oracle goldengate replicat,RLOTNA,UNK,REPLICAT/RLOTNA
Critical,Critical,3,2025-08-01T22:49:00,3720.0,62.0,Lagging checkpoint duration is high {REPLICAT/RLOTNF},oracle goldengate replicat,RLOTNF,Lagging checkpoint duration is high,regex,regex,oracle goldengate replicat,RLOTNF,UNK,REPLICAT/RLOTNF
Critical,Critical,3,2025-08-01T22:49:00,6540.0,109.0,Lagging checkpoint duration is high {REPLICAT/RLOTNG},oracle goldengate replicat,RLOTNG,Lagging checkpoint duration is high,regex,regex,oracle goldengate replicat,RLOTNG,UNK,REPLICAT/RLOTNG
Major,Major,2,2025-08-01T22:49:00,51180.0,853.0,Memory utilization is high on ONPREM_KBZPRDSTBY_CDB,host,ONPREM_KBZPRDSTBY_CDB,Memory utilization is high,regex,regex,host,ONPREM_KBZPRDSTBY_CDB,host,ONPREM_KBZPRDSTBY_CDB
Minor,Minor,1,2025-08-01T22:49:00,1149.0,19.15,Many blocked sessions on Oracle Database BI_Reporting_Prod_DB:1665:KBZRPTDCPDB,host,Oracle,Many blocked sessions,regex,regex,host,Oracle,oracle database,Oracle
Minor,Minor,1,2025-08-01T22:49:00,3780.0,63.0,There are many waiting containers in pod aws-guardduty-agent-mhm56 of namespace amazon-guardduty on Kubernetes Cluster NewCoreBankingProdEnv,host,Kubernetes,There are many waiting containers in pod aws-guardduty-agent-mhm56 of namespace amazon-guardduty,regex,regex,host,Kubernetes,kubernetes cluster,aws-guardduty-agent-mhm56
Major,Major,2,2025-08-01T22:49:00,3431.0,57.183,Memory utilization is high on ONPREM_KBZPRDDCPDB_PDB,host,ONPREM_KBZPRDDCPDB_PDB,Memory utilization is high,regex,regex,host,ONPREM_KBZPRDDCPDB_PDB,host,ONPREM_KBZPRDDCPDB_PDB
Critical,Critical,3,2025-08-01T22:49:00,601.0,10.017,Redo apply lagging duration is high on Oracle Database ONPREM_KBZPRDSTBY_CDB:1580:KBZPRDSTBY,host,Oracle,Redo apply lagging duration is high,regex,regex,host,Oracle,oracle database,Oracle
Critical,Critical,3,2025-08-01T22:49:00,601.0,10.017,Redo transport lagging duration is high on Oracle Database ONPREM_KBZPRDSTBY_CDB:1580:KBZPRDSTBY,host,Oracle,Redo transport lagging duration is high,regex,regex,host,Oracle,oracle database,Oracle
Minor,Minor,1,2025-08-01T22:48:00,872.0,14.533,There are many waiting containers in pod obic-interest-extrp-service-9cd9c45b-lp257 of namespace javaic on Kubernetes Cluster flexcube-cbs-uat-tkc,host,Kubernetes,There are many waiting containers in pod obic-interest-extrp-service-9cd9c45b-lp257 of namespace javaic,regex,regex,host,Kubernetes,kubernetes cluster,obic-interest-extrp-service-9cd9c45b-lp257
Minor,Minor,1,2025-08-01T22:48:00,65.0,1.083,Percentage of long table scans is high on Oracle Database BI_Reporting_Prod_DB:1665:KBZRPTDCPDB,host,Oracle,Percentage of long table scans is high,regex,regex,host,Oracle,oracle database,long
Critical,Critical,3,2025-08-01T22:47:00,200.0,3.333,TCP connection failed when accessing the web page QMS-Portal. This is affecting External Web QMS,external web,QMS,UNK,regex,regex,external web,QMS,UNK,UNK
Critical,Critical,3,2025-08-01T22:47:00,203.0,3.383,The web page QMS-Portal is not available for external access. This is affecting External Web QMS,external web,QMS,UNK,regex,regex,external web,QMS,UNK,UNK
Minor,Minor,1,2025-08-01T22:47:00,120.0,2.0,Parse CPU to parse elapsed ratio is low on Oracle Database BI_Reporting_Prod_DB:1665:KBZRPTDC,host,Oracle,Parse CPU to parse elapsed ratio is low,regex,regex,host,Oracle,oracle database,Oracle
Minor,Minor,1,2025-08-01T22:47:00,124.0,2.067,Execute to Parse ratio is low on Oracle Database BI_Reporting_Prod_DB:1665:KBZRPTDC,host,Oracle,Execute to Parse ratio is low,regex,regex,host,Oracle,oracle database,Oracle
Minor,Minor,1,2025-08-01T22:47:00,576.0,9.6,Elapsed time of Oracle job is high on Oracle Database gsysdc:1880:gsysdc,host,Oracle,Elapsed time of Oracle job is high,regex,regex,host,Oracle,oracle database,Oracle
Minor,Minor,1,2025-08-01T22:47:00,576.0,9.6,CPU usage of Oracle job is high on Oracle Database gsysdc:1880:gsysdc,host,Oracle,CPU usage of Oracle job is high,regex,regex,host,Oracle,oracle database,Oracle
Critical,Critical,3,2025-08-01T22:47:00,1922.0,32.033,TimeSinceLastChckPoint {REPLICAT/RLOTNG},oracle goldengate replicat,RLOTNG,TimeSinceLastChckPoint,regex,regex,oracle goldengate replicat,RLOTNG,UNK,REPLICAT/RLOTNG
Critical,Critical,3,2025-08-01T22:47:00,952.0,15.867,TimeSinceLastChckPoint {REPLICAT/RLOTNH},oracle goldengate replicat,RLOTNH,TimeSinceLastChckPoint,regex,regex,oracle goldengate replicat,RLOTNH,UNK,REPLICAT/RLOTNH
Critical,Critical,3,2025-08-01T22:47:00,1922.0,32.033,TimeSinceLastChckPoint {REPLICAT/RLOTNA},oracle goldengate replicat,RLOTNA,TimeSinceLastChckPoint,regex,regex,oracle goldengate replicat,RLOTNA,UNK,REPLICAT/RLOTNA
Critical,Critical,3,2025-08-01T22:47:00,1922.0,32.033,TimeSinceLastChckPoint {REPLICAT/RLOTNF},oracle goldengate replicat,RLOTNF,TimeSinceLastChckPoint,regex,regex,oracle goldengate replicat,RLOTNF,UNK,REPLICAT/RLOTNF
Critical,Critical,3,2025-08-01T22:47:00,1922.0,32.033,TimeSinceLastChckPoint {REPLICAT/RLOTND},oracle goldengate replicat,RLOTND,TimeSinceLastChckPoint,regex,regex,oracle goldengate replicat,RLOTND,UNK,REPLICAT/RLOTND
Critical,Critical,3,2025-08-01T22:47:00,1922.0,32.033,TimeSinceLastChckPoint {REPLICAT/RLOTNB},oracle goldengate replicat,RLOTNB,TimeSinceLastChckPoint,regex,regex,oracle goldengate replicat,RLOTNB,UNK,REPLICAT/RLOTNB
Critical,Critical,3,2025-08-01T22:47:00,250.0,4.167,TCP connection failed when accessing the web page HomePage. This is affecting External Web ibanking,external web,ibanking,UNK,regex,regex,external web,ibanking,UNK,UNK
Minor,Minor,1,2025-08-01T22:46:00,135.0,2.25,Maximum query elapsed time is high on Oracle Database BI_Reporting_Prod_DB:1665:KBZRPTDCPDB,host,Oracle,Maximum query elapsed time is high,regex,regex,host,Oracle,oracle database,Oracle
Minor,Minor,1,2025-08-01T22:46:00,135.0,2.25,Query is taking high CPU time on Oracle Database BI_Reporting_Prod_DB:1665:KBZRPTDCPDB,host,Oracle,Query is taking high CPU time,regex,regex,host,Oracle,oracle database,Oracle
Major,Major,2,2025-08-01T22:46:00,903.0,15.05,Lagging checkpoint duration is high {REPLICAT/RLOTF},oracle goldengate replicat,RLOTF,Lagging checkpoint duration is high,regex,regex,oracle goldengate replicat,RLOTF,UNK,REPLICAT/RLOTF
Major,Major,2,2025-08-01T22:46:00,903.0,15.05,Lagging checkpoint duration is high {REPLICAT/RLOTG},oracle goldengate replicat,RLOTG,Lagging checkpoint duration is high,regex,regex,oracle goldengate replicat,RLOTG,UNK,REPLICAT/RLOTG
Major,Major,2,2025-08-01T22:46:00,903.0,15.05,Lagging checkpoint duration is high {REPLICAT/RLOTD},oracle goldengate replicat,RLOTD,Lagging checkpoint duration is high,regex,regex,oracle goldengate replicat,RLOTD,UNK,REPLICAT/RLOTD
Major,Major,2,2025-08-01T22:46:00,903.0,15.05,Lagging checkpoint duration is high {REPLICAT/RLOTB},oracle goldengate replicat,RLOTB,Lagging checkpoint duration is high,regex,regex,oracle goldengate replicat,RLOTB,UNK,REPLICAT/RLOTB
Major,Major,2,2025-08-01T22:46:00,5700.0,95.0,Lagging checkpoint duration is high {REPLICAT/RLOTA},oracle goldengate replicat,RLOTA,Lagging checkpoint duration is high,regex,regex,oracle goldengate replicat,RLOTA,UNK,REPLICAT/RLOTA
Major,Major,2,2025-08-01T22:46:00,903.0,15.05,Lagging checkpoint duration is high {REPLICAT/RLOTE},oracle goldengate replicat,RLOTE,Lagging checkpoint duration is high,regex,regex,oracle goldengate replicat,RLOTE,UNK,REPLICAT/RLOTE
Major,Major,2,2025-08-01T22:46:00,898.0,14.967,Lagging checkpoint duration is high {REPLICAT/RLOTH},oracle goldengate replicat,RLOTH,Lagging checkpoint duration is high,regex,regex,oracle goldengate replicat,RLOTH,UNK,REPLICAT/RLOTH
Minor,Minor,1,2025-08-01T22:45:00,25.0,0.417,Many redo log space requests have been issued on Oracle Database BI_Reporting_Prod_DB:1665:KBZRPTDCPDB,host,Oracle,Many redo log space requests have been issued,regex,regex,host,Oracle,oracle database,Oracle
Minor,Minor,1,2025-08-01T22:45:00,25.0,0.417,Many redo buffer entries exist on Oracle Database BI_Reporting_Prod_DB:1665:KBZRPTDCPDB,host,Oracle,Many redo buffer entries exist,regex,regex,host,Oracle,oracle database,Oracle
Major,Major,2,2025-08-01T22:44:00,286.0,4.767,CPU utilization is high on AWS_CBS_Reporting_DB,host,AWS_CBS_Reporting_DB,CPU utilization is high,regex,regex,host,AWS_CBS_Reporting_DB,host,AWS_CBS_Reporting_DB
Minor,Minor,1,2025-08-01T22:44:00,331.0,5.517,Many blocked connections for user egurkha on Oracle Database eG_Backend_DB:1521:egrepdc,host,Oracle,Many blocked connections for user egurkha,regex,regex,host,Oracle,oracle database,Oracle
Major,Major,2,2025-08-01T22:44:00,572.0,9.533,High CPU utilization when waiting for I/O on AWS_CBS_Reporting_DB,host,AWS_CBS_Reporting_DB,High CPU utilization when waiting for I/O,regex,regex,host,AWS_CBS_Reporting_DB,host,AWS_CBS_Reporting_DB
Minor,Minor,1,2025-08-01T22:44:00,236.0,3.933,Elapsed time of Oracle job is high on Oracle Database BI_Reporting_Prod_DB:1665:KBZRPTDCPDB,host,Oracle,Elapsed time of Oracle job is high,regex,regex,host,Oracle,oracle database,Oracle
Minor,Minor,1,2025-08-01T22:44:00,272.0,4.533,There have been many container termination failures for pod aws-guardduty-agent-mhm56 of namespace amazon-guardduty on Kubernetes Cluster NewCoreBankingProdEnv,host,Kubernetes,There have been many container termination failures for pod aws-guardduty-agent-mhm56 of namespace amazon-guardduty,regex,regex,host,Kubernetes,kubernetes cluster,namespace
Major,Major,2,2025-08-01T22:43:00,297.0,4.95,Destination status LOG_ARCHIVE_DEST_4 is abnormal on Oracle Database New_CB_CDB:1665:KBZPRDDC,host,Oracle,Destination status LOG_ARCHIVE_DEST_4 is abnormal,regex,regex,host,Oracle,oracle database,Oracle
Minor,Minor,1,2025-08-01T22:43:00,608.0,10.133,There are many waiting containers in pod obic-interest-extrp-service-9cd9c45b-v7mpg of namespace javaic on Kubernetes Cluster flexcube-cbs-uat-tkc,host,Kubernetes,There are many waiting containers in pod obic-interest-extrp-service-9cd9c45b-v7mpg of namespace javaic,regex,regex,host,Kubernetes,kubernetes cluster,obic-interest-extrp-service-9cd9c45b-v7mpg
Minor,Minor,1,2025-08-01T22:43:00,106.0,1.767,Percentage of long table scans is high on Oracle Database BI_Reporting_Prod_DB:1665:KBZRPTDCPDB,host,Oracle,Percentage of long table scans is high,regex,regex,host,Oracle,oracle database,long
Minor,Minor,1,2025-08-01T22:42:00,140.0,2.333,Maximum query elapsed time is high on Oracle Database BI_Reporting_Prod_DB:1665:KBZRPTDCPDB,host,Oracle,Maximum query elapsed time is high,regex,regex,host,Oracle,oracle database,Oracle
Minor,Minor,1,2025-08-01T22:42:00,140.0,2.333,Parse CPU to parse elapsed ratio is low on Oracle Database BI_Reporting_Prod_DB:1665:KBZRPTDC,host,Oracle,Parse CPU to parse elapsed ratio is low,regex,regex,host,Oracle,oracle database,Oracle
Minor,Minor,1,2025-08-01T22:42:00,140.0,2.333,Query is taking high CPU time on Oracle Database BI_Reporting_Prod_DB:1665:KBZRPTDCPDB,host,Oracle,Query is taking high CPU time,regex,regex,host,Oracle,oracle database,Oracle
Minor,Minor,1,2025-08-01T22:42:00,141.0,2.35,Execute to Parse ratio is low on Oracle Database BI_Reporting_Prod_DB:1665:KBZRPTDC,host,Oracle,Execute to Parse ratio is low,regex,regex,host,Oracle,oracle database,Oracle
Minor,Minor,1,2025-08-01T22:41:00,883.0,14.717,Redo transport lagging duration is high on Oracle Database ONPREM_KBZPRDDCPDB_PDB:1580:KBZPRDDCPDB,host,Oracle,Redo transport lagging duration is high,regex,regex,host,Oracle,oracle database,Oracle
Critical,Critical,3,2025-08-01T22:41:00,5280.0,88.0,Space usage RECOC2 is high on Oracle Cluster RPTDB_DC:1580,host,Oracle,Space usage RECOC2 is high,regex,regex,host,Oracle,UNK,Oracle
Minor,Minor,1,2025-08-01T22:41:00,302.0,5.033,Many maintenance {system-update},resource,system-update,Many maintenance,regex,regex,resource,system-update,host,system-update
Critical,Critical,3,2025-08-01T22:41:00,665.0,11.083,Many back-off restarting failed containers on Kubernetes Cluster flexcube-cbs-uat-tkc,host,Kubernetes,Many back-off restarting failed containers,regex,regex,host,Kubernetes,kubernetes cluster,Kubernetes
Minor,Minor,1,2025-08-01T22:41:00,304.0,5.067,Many maintenance {Summary},resource,Summary,Many maintenance,regex,regex,resource,Summary,UNK,Summary
Minor,Minor,1,2025-08-01T22:40:00,25.0,0.417,Many redo log space requests have been issued on Oracle Database BI_Reporting_Prod_DB:1665:KBZRPTDCPDB,host,Oracle,Many redo log space requests have been issued,regex,regex,host,Oracle,oracle database,Oracle
Minor,Minor,1,2025-08-01T22:40:00,26.0,0.433,Many redo buffer entries exist on Oracle Database BI_Reporting_Prod_DB:1665:KBZRPTDCPDB,host,Oracle,Many redo buffer entries exist,regex,regex,host,Oracle,oracle database,Oracle
Minor,Minor,1,2025-08-01T22:39:00,1189.0,19.817,High disk space usage on /export/home/orarom drive of BIREPO_DB_Node_1,host,BIREPO_DB_Node_1,High disk space usage on /export/home/orarom,regex,regex,host,BIREPO_DB_Node_1,host,BIREPO_DB_Node_1
Minor,Minor,1,2025-08-01T22:39:00,583.0,9.717,Redo apply lagging duration is high on Oracle Database ONPREM_KBZPRDSTBY_CDB:1580:KBZPRDSTBY,host,Oracle,Redo apply lagging duration is high,regex,regex,host,Oracle,oracle database,Oracle
Critical,Critical,3,2025-08-01T22:39:00,5520.0,92.0,Space usage RECOC2 is high on Oracle Cluster BAGPDB:1580,host,Oracle,Space usage RECOC2 is high,regex,regex,host,Oracle,UNK,Oracle
Critical,Critical,3,2025-08-01T22:39:00,141.0,2.35,Redo transport lagging duration is high on Oracle Database ONPREM_KBZPRDDCPDB_PDB:1580:KBZPRDDCPDB,host,Oracle,Redo transport lagging duration is high,regex,regex,host,Oracle,oracle database,Oracle
Minor,Minor,1,2025-08-01T22:39:00,412.0,6.867,Memory utilization is high on ONPREM_KBZPRDDCPDB_PDB,host,ONPREM_KBZPRDDCPDB_PDB,Memory utilization is high,regex,regex,host,ONPREM_KBZPRDDCPDB_PDB,host,ONPREM_KBZPRDDCPDB_PDB
Major,Major,2,2025-08-01T22:39:00,583.0,9.717,Memory utilization is high on ONPREM_KBZPRDSTBY_CDB,host,ONPREM_KBZPRDSTBY_CDB,Memory utilization is high,regex,regex,host,ONPREM_KBZPRDSTBY_CDB,host,ONPREM_KBZPRDSTBY_CDB
Minor,Minor,1,2025-08-01T22:39:00,583.0,9.717,Redo transport lagging duration is high on Oracle Database ONPREM_KBZPRDSTBY_CDB:1580:KBZPRDSTBY,host,Oracle,Redo transport lagging duration is high,regex,regex,host,Oracle,oracle database,Oracle
Minor,Minor,1,2025-08-01T22:39:00,8880.0,148.0,There are many waiting containers in pod aws-guardduty-agent-dwkql of namespace amazon-guardduty on Kubernetes Cluster NewCoreBankingProdEnv,host,Kubernetes,There are many waiting containers in pod aws-guardduty-agent-dwkql of namespace amazon-guardduty,regex,regex,host,Kubernetes,kubernetes cluster,aws-guardduty-agent-dwkql
Minor,Minor,1,2025-08-01T22:39:00,633.0,10.55,Many recent ORA-06512 errors in the Alert Log of Oracle Database eG_Backend_DB:1521:egrepdc,oracle database,Oracle,UNK,ner,ner,UNK,UNK,oracle database,Oracle
Minor,Minor,1,2025-08-01T22:39:00,633.0,10.55,Many recent ORA-20001 errors in the Alert Log of Oracle Database eG_Backend_DB:1521:egrepdc,oracle database,Oracle,UNK,ner,ner,UNK,UNK,oracle database,Oracle
Minor,Minor,1,2025-08-01T22:39:00,633.0,10.55,Many recent ORA-12012 errors in the Alert Log of Oracle Database eG_Backend_DB:1521:egrepdc,oracle database,Oracle,UNK,ner,ner,UNK,UNK,oracle database,Oracle
Minor,Minor,1,2025-08-01T22:39:00,633.0,10.55,Many recent errors in the Alert Log of Oracle Database eG_Backend_DB:1521:egrepdc {Summary},resource,Summary,Many recent errors in the Alert Log of Oracle Database eG_Backend_DB:1521:egrepdc,regex,regex,resource,Summary,oracle database,Oracle
Minor,Minor,1,2025-08-01T22:38:00,85.0,1.417,Percentage of long table scans is high on Oracle Database BI_Reporting_Prod_DB:1665:KBZRPTDCPDB,host,Oracle,Percentage of long table scans is high,regex,regex,host,Oracle,oracle database,long
Critical,Critical,3,2025-08-01T22:38:00,5520.0,92.0,Space usage RECOC2 is high on Oracle Cluster EDQ_DB_RAC:1580,host,Oracle,Space usage RECOC2 is high,regex,regex,host,Oracle,UNK,Oracle
Critical,Critical,3,2025-08-01T22:38:00,5580.0,93.0,Space usage RECOC2 is high on Oracle Cluster KBZDWH:1580,host,Oracle,Space usage RECOC2 is high,regex,regex,host,Oracle,UNK,Oracle
Critical,Critical,3,2025-08-01T22:38:00,5580.0,93.0,Space usage RECOC2 is high on Oracle Cluster Ofsaa_DB_Rac:1580,host,Oracle,Space usage RECOC2 is high,regex,regex,host,Oracle,UNK,Oracle
Minor,Minor,1,2025-08-01T22:38:00,282.0,4.7,CPU usage of Oracle job is high on Oracle Database eG_Backend_DB:1521:egrepdc,host,Oracle,CPU usage of Oracle job is high,regex,regex,host,Oracle,oracle database,Oracle
Minor,Minor,1,2025-08-01T22:38:00,282.0,4.7,Elapsed time of Oracle job is high on Oracle Database eG_Backend_DB:1521:egrepdc,host,Oracle,Elapsed time of Oracle job is high,regex,regex,host,Oracle,oracle database,Oracle
Minor,Minor,1,2025-08-01T22:38:00,337.0,5.617,Elapsed time of Oracle job is high on Oracle Database eG_Backend_DB_DR:1521:egrepdr,host,Oracle,Elapsed time of Oracle job is high,regex,regex,host,Oracle,oracle database,Oracle
Minor,Minor,1,2025-08-01T22:38:00,339.0,5.65,CPU usage of Oracle job is high on Oracle Database eG_Backend_DB_DR:1521:egrepdr,host,Oracle,CPU usage of Oracle job is high,regex,regex,host,Oracle,oracle database,Oracle
Major,Major,2,2025-08-01T22:37:00,5580.0,93.0,Space usage RECOC2 is high on Oracle Cluster KBZDBDC_RAC:1580,host,Oracle,Space usage RECOC2 is high,regex,regex,host,Oracle,UNK,Oracle
Critical,Critical,3,2025-08-01T22:37:00,5700.0,95.0,Space usage RECOC2 is high on Oracle Cluster CBS_DB:1580,host,Oracle,Space usage RECOC2 is high,regex,regex,host,Oracle,UNK,Oracle
Minor,Minor,1,2025-08-01T22:36:00,126.0,2.1,Parse CPU to parse elapsed ratio is low on Oracle Database BI_Reporting_Prod_DB:1665:KBZRPTDC,host,Oracle,Parse CPU to parse elapsed ratio is low,regex,regex,host,Oracle,oracle database,Oracle
Minor,Minor,1,2025-08-01T22:36:00,146.0,2.433,Maximum query elapsed time is high on Oracle Database BI_Reporting_Prod_DB:1665:KBZRPTDCPDB,host,Oracle,Maximum query elapsed time is high,regex,regex,host,Oracle,oracle database,Oracle
Minor,Minor,1,2025-08-01T22:36:00,146.0,2.433,Query is taking high CPU time on Oracle Database BI_Reporting_Prod_DB:1665:KBZRPTDCPDB,host,Oracle,Query is taking high CPU time,regex,regex,host,Oracle,oracle database,Oracle
Minor,Minor,1,2025-08-01T22:36:00,126.0,2.1,Execute to Parse ratio is low on Oracle Database BI_Reporting_Prod_DB:1665:KBZRPTDC,host,Oracle,Execute to Parse ratio is low,regex,regex,host,Oracle,oracle database,Oracle
Minor,Minor,1,2025-08-01T22:35:00,47100.0,785.0,Blocking threads in the JVM of eG Agent eG_RUM_Agent,eg agent,eG,UNK,ner,ner,UNK,UNK,eg agent,eG
Minor,Minor,1,2025-08-01T22:35:00,578.0,9.633,Load failures rate is high {CBSAccountingService_1568\w3wp#12},resource,CBSAccountingService_1568\w3wp#12,Load failures rate is high,regex,regex,resource,CBSAccountingService_1568\w3wp#12,host,CBSAccountingService_1568\w3wp#12
Minor,Minor,1,2025-08-01T22:35:00,578.0,9.633,Load failures rate is high {CBSCustomerServiceBalance_1528\w3wp#6},resource,CBSCustomerServiceBalance_1528\w3wp#6,Load failures rate is high,regex,regex,resource,CBSCustomerServiceBalance_1528\w3wp#6,host,CBSCustomerServiceBalance_1528\w3wp#6
Minor,Minor,1,2025-08-01T22:35:00,578.0,9.633,Load failures rate is high {CBSAccountingService_1568\w3wp#13},resource,CBSAccountingService_1568\w3wp#13,Load failures rate is high,regex,regex,resource,CBSAccountingService_1568\w3wp#13,host,CBSAccountingService_1568\w3wp#13
Minor,Minor,1,2025-08-01T22:35:00,578.0,9.633,Load failures rate is high {CBSAccountingService_1568\Summary},resource,CBSAccountingService_1568\Summary,Load failures rate is high,regex,regex,resource,CBSAccountingService_1568\Summary,host,CBSAccountingService_1568\Summary
